build,file,peak_velocity_mps,face_angle_deg,snapped,confidence,user_judgment,computed_distance_m,outcome,end_x_m,end_y_m,total_time_s
by-build,stroke-2026-05-30T18-33-01.385Z.json,0.1603,-5.24,False,1.0,,3.407,stopped,3.392,0.311,3.3
by-build,stroke-2026-05-30T18-33-10.135Z.json,0.1831,-5.82,False,1.0,,4.446,stopped,4.423,0.451,3.783
by-build,stroke-2026-05-30T18-33-16.318Z.json,0.2131,-9.07,False,1.0,,6.025,stopped,5.95,0.95,4.417
by-build,stroke-2026-05-30T18-33-26.587Z.json,0.1538,-8.58,False,1.0,,3.135,stopped,3.1,0.468,3.167
by-build,stroke-2026-05-30T18-33-35.953Z.json,0.2073,-4.59,False,1.0,,5.702,stopped,5.684,0.456,4.3
by-build,stroke-A-1-2026-05-30T23-50-41.116Z.json,0.1798,-11.84,False,1.0,late,4.289,stopped,4.197,0.88,3.717
by-build,stroke-A-2-2026-05-30T23-50-47.219Z.json,0.2023,-6.08,False,1.0,late,5.429,stopped,5.399,0.575,4.183
by-build,stroke-A-3-2026-05-30T23-50-53.920Z.json,0.1571,-6.88,False,1.0,late,3.272,stopped,3.248,0.392,3.233
by-build,stroke-A-4-2026-05-30T23-50-58.767Z.json,0.2474,-9.16,False,1.0,late,8.127,stopped,8.024,1.294,5.133
by-build,stroke-A-5-2026-05-30T23-51-05.903Z.json,0.2801,-8.54,False,1.0,late,10.422,stopped,10.306,1.547,5.833
by-build,stroke-A-6-2026-05-30T23-51-11.317Z.json,0.2108,-10.14,False,1.0,late,5.895,stopped,5.803,1.038,4.367
by-build,stroke-A-7-2026-05-30T23-51-17.619Z.json,0.2233,-13.42,False,1.0,late,6.62,stopped,6.439,1.537,4.633
by-build,stroke-cal-1-2026-05-30T23-49-56.450Z.json,0.2004,-4.97,False,1.0,late,5.329,stopped,5.309,0.462,4.15
by-build,stroke-cal-2-2026-05-30T23-50-04.117Z.json,0.1247,-9.59,False,1.0,early,2.058,stopped,2.029,0.343,2.55
by-build,stroke-cal-3-2026-05-30T23-50-13.499Z.json,0.1971,-11.97,False,1.0,late,5.154,stopped,5.042,1.069,4.083
by-build,stroke-cal-4-2026-05-30T23-50-22.100Z.json,0.2458,-12.21,False,1.0,late,8.023,stopped,7.841,1.696,5.1
by-build,stroke-cal-5-2026-05-30T23-50-30.332Z.json,0.1938,-6.54,False,1.0,late,4.984,stopped,4.951,0.568,4.017
by-build,stroke-A-1-2026-05-31T00-14-58.524Z.json,0.1715,-7.59,False,1.0,late,3.897,stopped,3.863,0.514,3.533
by-build,stroke-A-10-2026-05-31T00-16-03.142Z.json,0.2122,-9.68,False,1.0,early,5.979,stopped,5.894,1.006,4.4
by-build,stroke-A-11-2026-05-31T00-16-08.026Z.json,0.189,-5.82,False,1.0,just_right,4.74,stopped,4.715,0.481,3.917
by-build,stroke-A-12-2026-05-31T00-16-13.226Z.json,0.1766,-7.49,False,1.0,early,4.134,stopped,4.098,0.539,3.65
by-build,stroke-A-13-2026-05-31T00-16-19.194Z.json,0.1591,-6.66,False,1.0,just_right,3.353,stopped,3.33,0.389,3.283
by-build,stroke-A-14-2026-05-31T00-16-24.609Z.json,0.1431,-7.6,False,1.0,just_right,2.712,stopped,2.688,0.359,2.95
by-build,stroke-A-15-2026-05-31T00-16-29.593Z.json,0.214,-7.63,False,1.0,early,6.079,stopped,6.025,0.807,4.433
by-build,stroke-A-16-2026-05-31T00-16-35.376Z.json,0.2453,-7.86,False,1.0,early,7.991,stopped,7.916,1.093,5.1
by-build,stroke-A-17-2026-05-31T00-16-40.477Z.json,0.1386,-4.93,False,1.0,just_right,2.543,stopped,2.533,0.218,2.85
by-build,stroke-A-18-2026-05-31T00-16-46.927Z.json,0.2191,-8.08,False,1.0,early,6.373,stopped,6.31,0.896,4.55
by-build,stroke-A-19-2026-05-31T00-16-51.644Z.json,0.1419,-5.45,False,1.0,just_right,2.667,stopped,2.654,0.253,2.917
by-build,stroke-A-2-2026-05-31T00-15-05.790Z.json,0.1947,-6.7,False,1.0,just_right,5.029,stopped,4.995,0.586,4.033
by-build,stroke-A-20-2026-05-31T00-16-56.662Z.json,0.1244,-7.89,False,1.0,just_right,2.048,stopped,2.029,0.281,2.55
by-build,stroke-A-3-2026-05-31T00-15-12.357Z.json,0.1812,-7.83,False,1.0,early,4.354,stopped,4.313,0.593,3.75
by-build,stroke-A-4-2026-05-31T00-15-23.492Z.json,0.0,0.0,True,0.0,,0.0,stopped,0.0,0.0,0.0
by-build,stroke-A-5-2026-05-31T00-15-30.157Z.json,0.1838,-6.97,False,1.0,early,4.48,stopped,4.447,0.544,3.8
by-build,stroke-A-6-2026-05-31T00-15-35.575Z.json,0.0,0.0,True,0.0,,0.0,stopped,0.0,0.0,0.0
by-build,stroke-A-7-2026-05-31T00-15-46.176Z.json,0.1762,-7.03,False,1.0,early,4.116,stopped,4.085,0.504,3.633
by-build,stroke-A-8-2026-05-31T00-15-52.042Z.json,0.1563,-2.84,False,1.0,just_right,3.239,stopped,3.235,0.161,3.217
by-build,stroke-A-9-2026-05-31T00-15-57.393Z.json,0.1665,-5.94,False,1.0,just_right,3.676,stopped,3.656,0.38,3.433
by-build,stroke-B-1-2026-05-31T00-17-28.411Z.json,0.1705,19.89,False,1.0,early,3.853,stopped,3.623,-1.311,3.517
by-build,stroke-B-10-2026-05-31T00-18-35.131Z.json,0.1041,-0.29,False,1.0,just_right,1.432,stopped,1.432,0.007,2.117
by-build,stroke-B-11-2026-05-31T00-18-41.916Z.json,0.1494,14.05,False,1.0,early,2.957,stopped,2.869,-0.718,3.083
by-build,stroke-B-12-2026-05-31T00-18-46.883Z.json,0.2147,1.35,False,1.0,early,6.119,lipOut,6.117,-0.145,4.45
by-build,stroke-B-13-2026-05-31T00-18-56.468Z.json,0.0885,-8.24,False,1.0,early,1.031,stopped,1.02,0.148,1.783
by-build,stroke-B-14-2026-05-31T00-19-02.516Z.json,0.1285,19.72,False,1.0,early,2.186,stopped,2.058,-0.738,2.633
by-build,stroke-B-15-2026-05-31T00-19-10.200Z.json,0.1611,26.85,False,1.0,early,3.441,stopped,3.07,-1.554,3.317
by-build,stroke-B-2-2026-05-31T00-17-37.979Z.json,0.1942,9.18,False,1.0,just_right,5.005,stopped,4.941,-0.799,4.017
by-build,stroke-B-3-2026-05-31T00-17-48.179Z.json,0.157,6.34,False,1.0,early,3.266,stopped,3.246,-0.36,3.233
by-build,stroke-B-4-2026-05-31T00-17-59.180Z.json,0.1599,2.49,False,1.0,early,3.389,stopped,3.386,-0.147,3.3
by-build,stroke-B-5-2026-05-31T00-18-06.397Z.json,0.1971,14.5,False,1.0,just_right,5.154,stopped,4.99,-1.291,4.083
by-build,stroke-B-6-2026-05-31T00-18-14.097Z.json,0.1446,13.01,False,1.0,early,2.768,stopped,2.697,-0.623,2.967
by-build,stroke-B-7-2026-05-31T00-18-20.381Z.json,0.1044,33.78,False,1.0,early,1.439,stopped,1.196,-0.8,2.133
by-build,stroke-B-8-2026-05-31T00-18-25.180Z.json,0.1496,8.35,False,1.0,just_right,2.966,stopped,2.935,-0.431,3.083
by-build,stroke-B-9-2026-05-31T00-18-30.784Z.json,0.1275,7.57,False,1.0,just_right,2.15,stopped,2.131,-0.283,2.617
by-build,stroke-C-1-2026-05-31T00-19-28.751Z.json,0.1627,-23.36,False,1.0,early,3.51,stopped,3.222,1.392,3.35
by-build,stroke-C-10-2026-05-31T00-20-13.606Z.json,0.0928,-11.74,False,1.0,early,1.137,stopped,1.113,0.231,1.883
by-build,stroke-C-11-2026-05-31T00-20-20.252Z.json,0.2154,-18.83,False,1.0,early,6.159,stopped,5.829,1.988,4.467
by-build,stroke-C-12-2026-05-31T00-20-26.051Z.json,0.3386,-29.53,False,1.0,early,15.243,stopped,13.264,7.512,7.067
by-build,stroke-C-13-2026-05-31T00-20-31.001Z.json,0.2409,-29.84,False,1.0,just_right,7.706,stopped,6.684,3.834,5.0
by-build,stroke-C-14-2026-05-31T00-20-38.169Z.json,0.1969,-27.72,False,1.0,early,5.147,stopped,4.556,2.394,4.083
by-build,stroke-C-15-2026-05-31T00-20-44.402Z.json,0.1782,-34.03,False,1.0,early,4.213,stopped,3.492,2.358,3.683
by-build,stroke-C-2-2026-05-31T00-19-32.833Z.json,0.1574,-22.55,False,1.0,early,3.285,stopped,3.034,1.26,3.25
by-build,stroke-C-3-2026-05-31T00-19-37.500Z.json,0.1837,-28.78,False,1.0,early,4.478,stopped,3.925,2.156,3.8
by-build,stroke-C-4-2026-05-31T00-19-42.015Z.json,0.1383,-30.11,False,1.0,early,2.531,stopped,2.19,1.27,2.833
by-build,stroke-C-5-2026-05-31T00-19-47.185Z.json,0.1335,-29.65,False,1.0,early,2.358,stopped,2.05,1.167,2.733
by-build,stroke-C-6-2026-05-31T00-19-52.284Z.json,0.0965,-13.71,False,1.0,just_right,1.229,stopped,1.194,0.291,1.967
by-build,stroke-C-7-2026-05-31T00-19-57.985Z.json,0.1371,-34.83,False,1.0,just_right,2.487,stopped,2.042,1.421,2.817
by-build,stroke-C-8-2026-05-31T00-20-02.918Z.json,0.1181,-23.89,False,1.0,just_right,1.846,stopped,1.688,0.748,2.417
by-build,stroke-C-9-2026-05-31T00-20-07.985Z.json,0.1086,-26.52,False,1.0,early,1.56,stopped,1.396,0.697,2.217
by-build,stroke-cal-1-2026-05-31T00-14-24.455Z.json,0.1678,-7.71,False,1.0,late,3.733,stopped,3.7,0.501,3.467
by-build,stroke-cal-2-2026-05-31T00-14-29.856Z.json,0.1899,-6.85,False,1.0,late,4.784,stopped,4.75,0.57,3.933
by-build,stroke-cal-3-2026-05-31T00-14-37.273Z.json,0.1571,-6.94,False,1.0,just_right,3.27,stopped,3.247,0.395,3.233
by-build,stroke-cal-4-2026-05-31T00-14-43.673Z.json,0.1678,-5.87,False,1.0,just_right,3.735,stopped,3.715,0.382,3.467
by-build,stroke-cal-5-2026-05-31T00-14-49.373Z.json,0.165,-5.64,False,1.0,early,3.607,stopped,3.589,0.354,3.4
by-build,stroke-D-1-2026-05-31T00-21-01.670Z.json,0.1122,-10.5,False,1.0,just_right,1.663,stopped,1.635,0.303,2.283
by-build,stroke-D-2-2026-05-31T00-21-09.320Z.json,0.0869,-7.4,False,1.0,just_right,0.994,stopped,0.986,0.128,1.75
by-build,stroke-D-3-2026-05-31T00-21-15.269Z.json,0.1185,-6.45,False,1.0,early,1.856,stopped,1.844,0.208,2.417
by-build,stroke-D-4-2026-05-31T00-21-23.370Z.json,0.1185,-6.85,False,1.0,just_right,1.858,stopped,1.844,0.221,2.417
by-build,stroke-D-5-2026-05-31T00-21-30.621Z.json,0.1218,-5.3,False,1.0,just_right,1.962,stopped,1.954,0.181,2.5
by-build,stroke-E-1-2026-05-31T00-22-21.972Z.json,0.1076,-10.31,False,1.0,just_right,1.53,stopped,1.505,0.274,2.2
by-build,stroke-E-10-2026-05-31T00-23-26.175Z.json,0.1554,-4.65,False,1.0,just_right,3.2,stopped,3.189,0.26,3.2
by-build,stroke-E-2-2026-05-31T00-22-26.789Z.json,0.1171,-5.13,False,1.0,early,1.814,stopped,1.807,0.162,2.4
by-build,stroke-E-3-2026-05-31T00-22-31.972Z.json,0.1019,-9.42,False,1.0,,1.372,stopped,1.353,0.225,2.067
by-build,stroke-E-4-2026-05-31T00-22-38.889Z.json,0.0964,-4.43,False,1.0,just_right,1.227,stopped,1.224,0.095,1.967
by-build,stroke-E-5-2026-05-31T00-22-46.408Z.json,0.1271,-6.29,False,1.0,just_right,2.136,stopped,2.123,0.234,2.6
by-build,stroke-E-6-2026-05-31T00-22-53.874Z.json,0.1071,-2.95,False,1.0,just_right,1.514,stopped,1.512,0.078,2.183
by-build,stroke-E-7-2026-05-31T00-23-03.557Z.json,0.1284,-11.28,False,1.0,just_right,2.183,stopped,2.141,0.427,2.633
by-build,stroke-E-8-2026-05-31T00-23-12.041Z.json,0.1602,-5.22,False,1.0,just_right,3.401,stopped,3.387,0.309,3.3
by-build,stroke-E-9-2026-05-31T00-23-20.057Z.json,0.1215,-5.07,False,1.0,early,1.953,stopped,1.946,0.172,2.483
by-build,stroke-F-1-2026-05-31T00-23-50.210Z.json,0.1373,-6.29,False,1.0,,2.496,stopped,2.481,0.274,2.817
by-build,stroke-F-10-2026-05-31T00-24-50.865Z.json,0.144,-7.97,False,1.0,just_right,2.748,stopped,2.722,0.381,2.967
by-build,stroke-F-2-2026-05-31T00-23-55.909Z.json,0.1211,-7.63,False,1.0,just_right,1.939,stopped,1.922,0.257,2.483
by-build,stroke-F-3-2026-05-31T00-24-01.760Z.json,0.1212,-7.03,False,1.0,just_right,1.943,stopped,1.928,0.238,2.483
by-build,stroke-F-4-2026-05-31T00-24-07.945Z.json,0.1428,-7.43,False,1.0,early,2.702,stopped,2.679,0.349,2.933
by-build,stroke-F-5-2026-05-31T00-24-15.811Z.json,0.1183,-6.26,False,1.0,just_right,1.85,stopped,1.839,0.202,2.417
by-build,stroke-F-6-2026-05-31T00-24-23.546Z.json,0.1377,-5.11,False,1.0,just_right,2.51,stopped,2.5,0.223,2.833
by-build,stroke-F-7-2026-05-31T00-24-29.810Z.json,0.1505,-6.95,False,1.0,early,3.002,stopped,2.98,0.363,3.1
by-build,stroke-F-8-2026-05-31T00-24-36.811Z.json,0.1358,-7.57,False,1.0,,2.442,stopped,2.42,0.322,2.783
by-build,stroke-F-9-2026-05-31T00-24-43.010Z.json,0.1566,-5.07,False,1.0,just_right,3.251,stopped,3.238,0.287,3.233
by-build,stroke-A-1-2026-05-31T08-10-18.542Z.json,0.1205,-7.84,False,1.0,,1.92,stopped,1.902,0.262,2.467
by-build,stroke-A-10-2026-05-31T08-11-10.744Z.json,0.1351,-8.46,False,1.0,just_right,2.416,stopped,2.39,0.355,2.767
by-build,stroke-A-11-2026-05-31T08-11-15.461Z.json,0.1537,-8.69,False,1.0,just_right,3.132,stopped,3.096,0.473,3.167
by-build,stroke-A-12-2026-05-31T08-11-26.926Z.json,0.1131,-3.0,False,1.0,just_right,1.692,stopped,1.69,0.089,2.317
by-build,stroke-A-13-2026-05-31T08-11-31.877Z.json,0.1375,-8.14,False,1.0,just_right,2.504,stopped,2.478,0.355,2.817
by-build,stroke-A-14-2026-05-31T08-11-37.479Z.json,0.1142,-5.08,False,1.0,just_right,1.725,stopped,1.718,0.153,2.333
by-build,stroke-A-15-2026-05-31T08-11-45.010Z.json,0.1306,-2.76,False,1.0,just_right,2.259,stopped,2.256,0.109,2.683
by-build,stroke-A-16-2026-05-31T08-12-33.131Z.json,0.1358,-8.45,False,1.0,just_right,2.44,stopped,2.413,0.359,2.783
by-build,stroke-A-17-2026-05-31T08-12-38.765Z.json,0.0,0.0,True,0.0,,0.0,stopped,0.0,0.0,0.0
by-build,stroke-A-18-2026-05-31T08-12-43.497Z.json,0.1347,-14.67,False,1.0,just_right,2.402,stopped,2.324,0.608,2.767
by-build,stroke-A-19-2026-05-31T08-12-49.213Z.json,0.1226,-4.14,False,1.0,,1.989,stopped,1.984,0.144,2.517
by-build,stroke-A-2-2026-05-31T08-10-25.040Z.json,0.1161,-9.16,False,1.0,,1.783,stopped,1.76,0.284,2.367
by-build,stroke-A-20-2026-05-31T08-12-54.714Z.json,0.1453,-6.61,False,1.0,,2.795,stopped,2.776,0.322,2.983
by-build,stroke-A-3-2026-05-31T08-10-29.391Z.json,0.1385,-8.12,False,1.0,just_right,2.541,stopped,2.516,0.359,2.85
by-build,stroke-A-4-2026-05-31T08-10-34.607Z.json,0.1233,-9.73,False,1.0,just_right,2.013,stopped,1.984,0.34,2.533
by-build,stroke-A-5-2026-05-31T08-10-40.307Z.json,0.1168,-6.07,False,1.0,,1.802,stopped,1.792,0.191,2.383
by-build,stroke-A-6-2026-05-31T08-10-47.092Z.json,0.1248,-5.65,False,1.0,,2.06,stopped,2.05,0.203,2.55
by-build,stroke-A-7-2026-05-31T08-10-51.543Z.json,0.137,-7.53,False,1.0,just_right,2.487,stopped,2.465,0.326,2.817
by-build,stroke-A-8-2026-05-31T08-10-58.078Z.json,0.1252,-3.15,False,1.0,just_right,2.073,stopped,2.07,0.114,2.567
by-build,stroke-A-9-2026-05-31T08-11-03.326Z.json,0.1178,-8.91,False,1.0,just_right,1.836,stopped,1.814,0.284,2.417
by-build,stroke-B-1-2026-05-31T08-13-25.019Z.json,0.1337,1.97,False,1.0,,2.368,stopped,2.367,-0.082,2.75
by-build,stroke-B-10-2026-05-31T08-14-22.817Z.json,0.1966,-0.24,False,1.0,just_right,5.129,lipOut,5.129,0.021,4.067
by-build,stroke-B-11-2026-05-31T08-14-31.384Z.json,0.1502,5.73,False,1.0,just_right,2.987,stopped,2.972,-0.298,3.083
by-build,stroke-B-12-2026-05-31T08-14-35.951Z.json,0.1611,0.91,False,1.0,just_right,2.008,captured,2.0,0.0,1.167
by-build,stroke-B-13-2026-05-31T08-14-40.951Z.json,0.1615,8.96,False,1.0,just_right,3.458,stopped,3.416,-0.539,3.333
by-build,stroke-B-14-2026-05-31T08-14-45.871Z.json,0.1733,20.98,False,1.0,,3.984,stopped,3.72,-1.426,3.583
by-build,stroke-B-15-2026-05-31T08-14-50.418Z.json,0.1865,12.43,False,1.0,just_right,4.614,stopped,4.506,-0.993,3.85
by-build,stroke-B-2-2026-05-31T08-13-30.315Z.json,0.1156,8.26,False,1.0,just_right,1.768,stopped,1.75,-0.254,2.367
by-build,stroke-B-3-2026-05-31T08-13-34.665Z.json,0.1227,5.7,False,1.0,just_right,1.991,stopped,1.982,-0.198,2.517
by-build,stroke-B-4-2026-05-31T08-13-39.936Z.json,0.1384,0.37,False,1.0,just_right,2.001,captured,2.0,0.0,1.517
by-build,stroke-B-5-2026-05-31T08-13-45.284Z.json,0.1408,7.55,False,1.0,just_right,2.627,stopped,2.604,-0.345,2.9
by-build,stroke-B-6-2026-05-31T08-13-50.649Z.json,0.1403,-1.74,False,1.0,late,2.608,stopped,2.607,0.079,2.883
by-build,stroke-B-7-2026-05-31T08-13-55.383Z.json,0.1582,2.87,False,1.0,just_right,3.316,stopped,3.312,-0.166,3.267
by-build,stroke-B-8-2026-05-31T08-14-01.151Z.json,0.1858,-2.37,False,1.0,just_right,4.577,stopped,4.573,0.189,3.85
by-build,stroke-B-9-2026-05-31T08-14-08.018Z.json,0.112,4.54,False,1.0,just_right,1.657,stopped,1.652,-0.131,2.283
by-build,stroke-C-1-2026-05-31T08-15-11.919Z.json,0.131,-6.07,False,1.0,just_right,2.27,stopped,2.257,0.24,2.683
by-build,stroke-C-2-2026-05-31T08-15-26.720Z.json,0.1884,-19.61,False,1.0,just_right,4.708,stopped,4.435,1.58,3.9
by-build,stroke-C-3-2026-05-31T08-15-31.489Z.json,0.1202,-20.52,False,1.0,just_right,1.911,stopped,1.79,0.67,2.467
by-build,stroke-C-4-2026-05-31T08-15-36.572Z.json,0.1598,-15.78,False,1.0,just_right,3.385,stopped,3.257,0.921,3.3
by-build,stroke-C-5-2026-05-31T08-15-42.040Z.json,0.1231,-21.93,False,1.0,just_right,2.005,stopped,1.86,0.749,2.517
by-build,stroke-C-6-2026-05-31T08-15-46.288Z.json,0.1508,-15.66,False,1.0,just_right,3.012,stopped,2.9,0.813,3.1
by-build,stroke-C-7-2026-05-31T08-15-50.388Z.json,0.1641,-21.68,False,1.0,just_right,3.57,stopped,3.317,1.319,3.383
by-build,stroke-C-8-2026-05-31T08-15-54.455Z.json,0.0801,-21.26,False,1.0,just_right,0.845,stopped,0.788,0.307,1.617
by-build,stroke-C-9-2026-05-31T08-15-58.988Z.json,0.1391,-14.38,False,1.0,just_right,2.561,stopped,2.481,0.636,2.85
by-build,stroke-cal-1-2026-05-31T08-09-45.106Z.json,0.1307,-6.68,False,1.0,,2.259,stopped,2.244,0.263,2.683
by-build,stroke-cal-2-2026-05-31T08-09-51.089Z.json,0.1441,-6.99,False,1.0,just_right,2.75,stopped,2.729,0.335,2.967
by-build,stroke-cal-3-2026-05-31T08-09-57.973Z.json,0.1256,-8.77,False,1.0,just_right,2.086,stopped,2.061,0.318,2.567
by-build,stroke-cal-4-2026-05-31T08-10-03.006Z.json,0.1508,-6.07,False,1.0,just_right,3.011,stopped,2.994,0.318,3.1
by-build,stroke-cal-5-2026-05-31T08-10-07.360Z.json,0.1614,-7.47,False,1.0,just_right,3.451,stopped,3.422,0.448,3.333
by-build,stroke-A-1-2026-05-31T08-44-50.705Z.json,0.099,-5.69,False,1.0,late,1.295,stopped,1.289,0.128,2.017
by-build,stroke-A-10-2026-05-31T08-45-41.840Z.json,0.1684,-6.9,False,1.0,late,3.758,stopped,3.731,0.451,3.483
by-build,stroke-A-11-2026-05-31T08-45-45.657Z.json,0.1214,-7.72,False,1.0,just_right,1.95,stopped,1.932,0.262,2.483
by-build,stroke-A-12-2026-05-31T08-45-49.658Z.json,0.147,-5.18,False,1.0,just_right,2.863,stopped,2.852,0.258,3.033
by-build,stroke-A-13-2026-05-31T08-45-53.925Z.json,0.1304,-9.28,False,1.0,late,2.25,stopped,2.22,0.363,2.667
by-build,stroke-A-14-2026-05-31T08-45-57.807Z.json,0.1486,-2.53,False,1.0,just_right,2.923,stopped,2.92,0.129,3.05
by-build,stroke-A-15-2026-05-31T08-46-02.326Z.json,0.1926,-11.33,False,1.0,just_right,4.919,stopped,4.824,0.966,3.983
by-build,stroke-A-16-2026-05-31T08-46-07.092Z.json,0.1788,-9.41,False,1.0,just_right,4.241,stopped,4.184,0.693,3.7
by-build,stroke-A-17-2026-05-31T08-46-11.142Z.json,0.14,-6.37,False,1.0,late,2.596,stopped,2.58,0.288,2.883
by-build,stroke-A-18-2026-05-31T08-46-14.993Z.json,0.1316,-7.88,False,1.0,late,2.293,stopped,2.272,0.314,2.7
by-build,stroke-A-19-2026-05-31T08-46-19.393Z.json,0.1602,-5.45,False,1.0,just_right,3.399,stopped,3.384,0.323,3.3
by-build,stroke-A-2-2026-05-31T08-44-57.756Z.json,0.0886,-9.01,False,1.0,late,1.036,stopped,1.023,0.162,1.8
by-build,stroke-A-20-2026-05-31T08-46-24.892Z.json,0.1855,-1.32,False,1.0,just_right,4.562,lipOut,4.561,0.105,3.833
by-build,stroke-A-3-2026-05-31T08-45-05.591Z.json,0.0979,-5.33,False,1.0,just_right,1.265,stopped,1.259,0.117,1.983
by-build,stroke-A-4-2026-05-31T08-45-10.323Z.json,0.1383,-4.0,False,1.0,just_right,2.532,stopped,2.526,0.177,2.833
by-build,stroke-A-5-2026-05-31T08-45-14.357Z.json,0.1151,-5.04,False,1.0,,1.752,stopped,1.746,0.154,2.35
by-build,stroke-A-6-2026-05-31T08-45-18.422Z.json,0.1216,-1.95,False,1.0,late,1.957,stopped,1.956,0.067,2.483
by-build,stroke-A-7-2026-05-31T08-45-27.057Z.json,0.1369,-5.56,False,1.0,just_right,2.48,stopped,2.468,0.24,2.817
by-build,stroke-A-8-2026-05-31T08-45-32.123Z.json,0.138,-4.6,False,1.0,late,2.522,stopped,2.514,0.202,2.833
by-build,stroke-A-9-2026-05-31T08-45-37.741Z.json,0.1004,-5.54,False,1.0,late,1.331,stopped,1.325,0.128,2.05
by-build,stroke-B-1-2026-05-31T08-46-31.378Z.json,0.1414,-6.53,False,1.0,just_right,2.647,stopped,2.63,0.301,2.9
by-build,stroke-cal-1-2026-05-31T08-44-07.538Z.json,0.1019,-4.93,False,1.0,just_right,1.369,stopped,1.364,0.118,2.067
by-build,stroke-cal-2-2026-05-31T08-44-14.871Z.json,0.0762,-5.68,False,1.0,late,0.765,stopped,0.761,0.076,1.533
by-build,stroke-cal-3-2026-05-31T08-44-21.190Z.json,0.0855,-4.6,False,1.0,late,0.963,stopped,0.96,0.077,1.733
by-build,stroke-cal-4-2026-05-31T08-44-25.755Z.json,0.136,-7.47,False,1.0,late,2.448,stopped,2.427,0.318,2.8
by-build,stroke-cal-5-2026-05-31T08-44-34.104Z.json,0.1373,-8.81,False,1.0,late,2.497,stopped,2.467,0.383,2.817
by-build,stroke-A-1-2026-05-31T20-15-33.373Z.json,0.152,-5.16,False,1.0,just_right,3.062,stopped,3.049,0.275,3.133
by-build,stroke-A-10-2026-05-31T20-16-31.781Z.json,0.1887,-10.26,False,1.0,late,4.724,stopped,4.648,0.841,3.9
by-build,stroke-A-11-2026-05-31T20-16-39.326Z.json,0.1627,-5.9,False,1.0,just_right,3.506,stopped,3.488,0.36,3.35
by-build,stroke-A-12-2026-05-31T20-16-43.892Z.json,0.1335,-5.86,False,1.0,just_right,2.359,stopped,2.347,0.241,2.733
by-build,stroke-A-13-2026-05-31T20-16-53.128Z.json,0.1396,-2.32,False,1.0,just_right,2.581,stopped,2.579,0.105,2.867
by-build,stroke-A-14-2026-05-31T20-17-00.928Z.json,0.1419,-6.62,False,1.0,late,2.666,stopped,2.649,0.307,2.917
by-build,stroke-A-15-2026-05-31T20-17-05.893Z.json,0.1331,-8.0,False,1.0,late,2.347,stopped,2.324,0.327,2.733
by-build,stroke-A-2-2026-05-31T20-15-50.624Z.json,0.1712,-6.04,False,1.0,late,3.885,stopped,3.863,0.408,3.533
by-build,stroke-A-3-2026-05-31T20-15-55.124Z.json,0.1245,-0.7,False,1.0,just_right,2.006,captured,2.0,0.0,2.05
by-build,stroke-A-4-2026-05-31T20-15-59.008Z.json,0.1156,-3.31,False,1.0,late,1.766,stopped,1.763,0.102,2.367
by-build,stroke-A-5-2026-05-31T20-16-04.343Z.json,0.16,-9.0,False,1.0,late,3.393,stopped,3.351,0.531,3.3
by-build,stroke-A-6-2026-05-31T20-16-08.611Z.json,0.166,-4.49,False,1.0,late,3.654,stopped,3.643,0.286,3.433
by-build,stroke-A-7-2026-05-31T20-16-15.441Z.json,0.1608,-6.02,False,1.0,just_right,3.429,stopped,3.41,0.359,3.317
by-build,stroke-A-8-2026-05-31T20-16-20.409Z.json,0.1502,-5.37,False,1.0,late,2.991,stopped,2.978,0.28,3.1
by-build,stroke-A-9-2026-05-31T20-16-25.760Z.json,0.2039,-5.52,False,1.0,just_right,5.52,stopped,5.494,0.531,4.233
by-build,stroke-cal-1-2026-05-31T20-14-56.408Z.json,0.1182,-8.01,False,1.0,late,1.849,stopped,1.831,0.258,2.417
by-build,stroke-cal-2-2026-05-31T20-15-03.958Z.json,0.1794,-9.34,False,1.0,late,4.267,stopped,4.21,0.692,3.7
by-build,stroke-cal-3-2026-05-31T20-15-11.322Z.json,0.1894,-7.99,False,1.0,just_right,4.757,stopped,4.711,0.661,3.917
by-build,stroke-cal-4-2026-05-31T20-15-16.256Z.json,0.1521,-6.63,False,1.0,late,3.067,stopped,3.047,0.354,3.133
by-build,stroke-cal-5-2026-05-31T20-15-21.589Z.json,0.1481,-2.9,False,1.0,just_right,2.906,stopped,2.903,0.147,3.05
b12-strokes,stroke-A-1-2026-05-30T23-50-41.116Z.json,0.1798,-11.84,False,1.0,late,4.289,stopped,4.197,0.88,3.717
b12-strokes,stroke-A-2-2026-05-30T23-50-47.219Z.json,0.2023,-6.08,False,1.0,late,5.429,stopped,5.399,0.575,4.183
b12-strokes,stroke-A-3-2026-05-30T23-50-53.920Z.json,0.1571,-6.88,False,1.0,late,3.272,stopped,3.248,0.392,3.233
b12-strokes,stroke-A-4-2026-05-30T23-50-58.767Z.json,0.2474,-9.16,False,1.0,late,8.127,stopped,8.024,1.294,5.133
b12-strokes,stroke-A-5-2026-05-30T23-51-05.903Z.json,0.2801,-8.54,False,1.0,late,10.422,stopped,10.306,1.547,5.833
b12-strokes,stroke-A-6-2026-05-30T23-51-11.317Z.json,0.2108,-10.14,False,1.0,late,5.895,stopped,5.803,1.038,4.367
b12-strokes,stroke-A-7-2026-05-30T23-51-17.619Z.json,0.2233,-13.42,False,1.0,late,6.62,stopped,6.439,1.537,4.633
b12-strokes,stroke-cal-1-2026-05-30T23-49-56.450Z.json,0.2004,-4.97,False,1.0,late,5.329,stopped,5.309,0.462,4.15
b12-strokes,stroke-cal-2-2026-05-30T23-50-04.117Z.json,0.1247,-9.59,False,1.0,early,2.058,stopped,2.029,0.343,2.55
b12-strokes,stroke-cal-3-2026-05-30T23-50-13.499Z.json,0.1971,-11.97,False,1.0,late,5.154,stopped,5.042,1.069,4.083
b12-strokes,stroke-cal-4-2026-05-30T23-50-22.100Z.json,0.2458,-12.21,False,1.0,late,8.023,stopped,7.841,1.696,5.1
b12-strokes,stroke-cal-5-2026-05-30T23-50-30.332Z.json,0.1938,-6.54,False,1.0,late,4.984,stopped,4.951,0.568,4.017
b13-strokes,stroke-A-1-2026-05-31T00-14-58.524Z.json,0.1715,-7.59,False,1.0,late,3.897,stopped,3.863,0.514,3.533
b13-strokes,stroke-A-10-2026-05-31T00-16-03.142Z.json,0.2122,-9.68,False,1.0,early,5.979,stopped,5.894,1.006,4.4
b13-strokes,stroke-A-11-2026-05-31T00-16-08.026Z.json,0.189,-5.82,False,1.0,just_right,4.74,stopped,4.715,0.481,3.917
b13-strokes,stroke-A-12-2026-05-31T00-16-13.226Z.json,0.1766,-7.49,False,1.0,early,4.134,stopped,4.098,0.539,3.65
b13-strokes,stroke-A-13-2026-05-31T00-16-19.194Z.json,0.1591,-6.66,False,1.0,just_right,3.353,stopped,3.33,0.389,3.283
b13-strokes,stroke-A-14-2026-05-31T00-16-24.609Z.json,0.1431,-7.6,False,1.0,just_right,2.712,stopped,2.688,0.359,2.95
b13-strokes,stroke-A-15-2026-05-31T00-16-29.593Z.json,0.214,-7.63,False,1.0,early,6.079,stopped,6.025,0.807,4.433
b13-strokes,stroke-A-16-2026-05-31T00-16-35.376Z.json,0.2453,-7.86,False,1.0,early,7.991,stopped,7.916,1.093,5.1
b13-strokes,stroke-A-17-2026-05-31T00-16-40.477Z.json,0.1386,-4.93,False,1.0,just_right,2.543,stopped,2.533,0.218,2.85
b13-strokes,stroke-A-18-2026-05-31T00-16-46.927Z.json,0.2191,-8.08,False,1.0,early,6.373,stopped,6.31,0.896,4.55
b13-strokes,stroke-A-19-2026-05-31T00-16-51.644Z.json,0.1419,-5.45,False,1.0,just_right,2.667,stopped,2.654,0.253,2.917
b13-strokes,stroke-A-2-2026-05-31T00-15-05.790Z.json,0.1947,-6.7,False,1.0,just_right,5.029,stopped,4.995,0.586,4.033
b13-strokes,stroke-A-20-2026-05-31T00-16-56.662Z.json,0.1244,-7.89,False,1.0,just_right,2.048,stopped,2.029,0.281,2.55
b13-strokes,stroke-A-3-2026-05-31T00-15-12.357Z.json,0.1812,-7.83,False,1.0,early,4.354,stopped,4.313,0.593,3.75
b13-strokes,stroke-A-4-2026-05-31T00-15-23.492Z.json,0.0,0.0,True,0.0,,0.0,stopped,0.0,0.0,0.0
b13-strokes,stroke-A-5-2026-05-31T00-15-30.157Z.json,0.1838,-6.97,False,1.0,early,4.48,stopped,4.447,0.544,3.8
b13-strokes,stroke-A-6-2026-05-31T00-15-35.575Z.json,0.0,0.0,True,0.0,,0.0,stopped,0.0,0.0,0.0
b13-strokes,stroke-A-7-2026-05-31T00-15-46.176Z.json,0.1762,-7.03,False,1.0,early,4.116,stopped,4.085,0.504,3.633
b13-strokes,stroke-A-8-2026-05-31T00-15-52.042Z.json,0.1563,-2.84,False,1.0,just_right,3.239,stopped,3.235,0.161,3.217
b13-strokes,stroke-A-9-2026-05-31T00-15-57.393Z.json,0.1665,-5.94,False,1.0,just_right,3.676,stopped,3.656,0.38,3.433
b13-strokes,stroke-B-1-2026-05-31T00-17-28.411Z.json,0.1705,19.89,False,1.0,early,3.853,stopped,3.623,-1.311,3.517
b13-strokes,stroke-B-10-2026-05-31T00-18-35.131Z.json,0.1041,-0.29,False,1.0,just_right,1.432,stopped,1.432,0.007,2.117
b13-strokes,stroke-B-11-2026-05-31T00-18-41.916Z.json,0.1494,14.05,False,1.0,early,2.957,stopped,2.869,-0.718,3.083
b13-strokes,stroke-B-12-2026-05-31T00-18-46.883Z.json,0.2147,1.35,False,1.0,early,6.119,lipOut,6.117,-0.145,4.45
b13-strokes,stroke-B-13-2026-05-31T00-18-56.468Z.json,0.0885,-8.24,False,1.0,early,1.031,stopped,1.02,0.148,1.783
b13-strokes,stroke-B-14-2026-05-31T00-19-02.516Z.json,0.1285,19.72,False,1.0,early,2.186,stopped,2.058,-0.738,2.633
b13-strokes,stroke-B-15-2026-05-31T00-19-10.200Z.json,0.1611,26.85,False,1.0,early,3.441,stopped,3.07,-1.554,3.317
b13-strokes,stroke-B-2-2026-05-31T00-17-37.979Z.json,0.1942,9.18,False,1.0,just_right,5.005,stopped,4.941,-0.799,4.017
b13-strokes,stroke-B-3-2026-05-31T00-17-48.179Z.json,0.157,6.34,False,1.0,early,3.266,stopped,3.246,-0.36,3.233
b13-strokes,stroke-B-4-2026-05-31T00-17-59.180Z.json,0.1599,2.49,False,1.0,early,3.389,stopped,3.386,-0.147,3.3
b13-strokes,stroke-B-5-2026-05-31T00-18-06.397Z.json,0.1971,14.5,False,1.0,just_right,5.154,stopped,4.99,-1.291,4.083
b13-strokes,stroke-B-6-2026-05-31T00-18-14.097Z.json,0.1446,13.01,False,1.0,early,2.768,stopped,2.697,-0.623,2.967
b13-strokes,stroke-B-7-2026-05-31T00-18-20.381Z.json,0.1044,33.78,False,1.0,early,1.439,stopped,1.196,-0.8,2.133
b13-strokes,stroke-B-8-2026-05-31T00-18-25.180Z.json,0.1496,8.35,False,1.0,just_right,2.966,stopped,2.935,-0.431,3.083
b13-strokes,stroke-B-9-2026-05-31T00-18-30.784Z.json,0.1275,7.57,False,1.0,just_right,2.15,stopped,2.131,-0.283,2.617
b13-strokes,stroke-C-1-2026-05-31T00-19-28.751Z.json,0.1627,-23.36,False,1.0,early,3.51,stopped,3.222,1.392,3.35
b13-strokes,stroke-C-10-2026-05-31T00-20-13.606Z.json,0.0928,-11.74,False,1.0,early,1.137,stopped,1.113,0.231,1.883
b13-strokes,stroke-C-11-2026-05-31T00-20-20.252Z.json,0.2154,-18.83,False,1.0,early,6.159,stopped,5.829,1.988,4.467
b13-strokes,stroke-C-12-2026-05-31T00-20-26.051Z.json,0.3386,-29.53,False,1.0,early,15.243,stopped,13.264,7.512,7.067
b13-strokes,stroke-C-13-2026-05-31T00-20-31.001Z.json,0.2409,-29.84,False,1.0,just_right,7.706,stopped,6.684,3.834,5.0
b13-strokes,stroke-C-14-2026-05-31T00-20-38.169Z.json,0.1969,-27.72,False,1.0,early,5.147,stopped,4.556,2.394,4.083
b13-strokes,stroke-C-15-2026-05-31T00-20-44.402Z.json,0.1782,-34.03,False,1.0,early,4.213,stopped,3.492,2.358,3.683
b13-strokes,stroke-C-2-2026-05-31T00-19-32.833Z.json,0.1574,-22.55,False,1.0,early,3.285,stopped,3.034,1.26,3.25
b13-strokes,stroke-C-3-2026-05-31T00-19-37.500Z.json,0.1837,-28.78,False,1.0,early,4.478,stopped,3.925,2.156,3.8
b13-strokes,stroke-C-4-2026-05-31T00-19-42.015Z.json,0.1383,-30.11,False,1.0,early,2.531,stopped,2.19,1.27,2.833
b13-strokes,stroke-C-5-2026-05-31T00-19-47.185Z.json,0.1335,-29.65,False,1.0,early,2.358,stopped,2.05,1.167,2.733
b13-strokes,stroke-C-6-2026-05-31T00-19-52.284Z.json,0.0965,-13.71,False,1.0,just_right,1.229,stopped,1.194,0.291,1.967
b13-strokes,stroke-C-7-2026-05-31T00-19-57.985Z.json,0.1371,-34.83,False,1.0,just_right,2.487,stopped,2.042,1.421,2.817
b13-strokes,stroke-C-8-2026-05-31T00-20-02.918Z.json,0.1181,-23.89,False,1.0,just_right,1.846,stopped,1.688,0.748,2.417
b13-strokes,stroke-C-9-2026-05-31T00-20-07.985Z.json,0.1086,-26.52,False,1.0,early,1.56,stopped,1.396,0.697,2.217
b13-strokes,stroke-cal-1-2026-05-31T00-14-24.455Z.json,0.1678,-7.71,False,1.0,late,3.733,stopped,3.7,0.501,3.467
b13-strokes,stroke-cal-2-2026-05-31T00-14-29.856Z.json,0.1899,-6.85,False,1.0,late,4.784,stopped,4.75,0.57,3.933
b13-strokes,stroke-cal-3-2026-05-31T00-14-37.273Z.json,0.1571,-6.94,False,1.0,just_right,3.27,stopped,3.247,0.395,3.233
b13-strokes,stroke-cal-4-2026-05-31T00-14-43.673Z.json,0.1678,-5.87,False,1.0,just_right,3.735,stopped,3.715,0.382,3.467
b13-strokes,stroke-cal-5-2026-05-31T00-14-49.373Z.json,0.165,-5.64,False,1.0,early,3.607,stopped,3.589,0.354,3.4
b13-strokes,stroke-D-1-2026-05-31T00-21-01.670Z.json,0.1122,-10.5,False,1.0,just_right,1.663,stopped,1.635,0.303,2.283
b13-strokes,stroke-D-2-2026-05-31T00-21-09.320Z.json,0.0869,-7.4,False,1.0,just_right,0.994,stopped,0.986,0.128,1.75
b13-strokes,stroke-D-3-2026-05-31T00-21-15.269Z.json,0.1185,-6.45,False,1.0,early,1.856,stopped,1.844,0.208,2.417
b13-strokes,stroke-D-4-2026-05-31T00-21-23.370Z.json,0.1185,-6.85,False,1.0,just_right,1.858,stopped,1.844,0.221,2.417
b13-strokes,stroke-D-5-2026-05-31T00-21-30.621Z.json,0.1218,-5.3,False,1.0,just_right,1.962,stopped,1.954,0.181,2.5
b13-strokes,stroke-E-1-2026-05-31T00-22-21.972Z.json,0.1076,-10.31,False,1.0,just_right,1.53,stopped,1.505,0.274,2.2
b13-strokes,stroke-E-10-2026-05-31T00-23-26.175Z.json,0.1554,-4.65,False,1.0,just_right,3.2,stopped,3.189,0.26,3.2
b13-strokes,stroke-E-2-2026-05-31T00-22-26.789Z.json,0.1171,-5.13,False,1.0,early,1.814,stopped,1.807,0.162,2.4
b13-strokes,stroke-E-3-2026-05-31T00-22-31.972Z.json,0.1019,-9.42,False,1.0,,1.372,stopped,1.353,0.225,2.067
b13-strokes,stroke-E-4-2026-05-31T00-22-38.889Z.json,0.0964,-4.43,False,1.0,just_right,1.227,stopped,1.224,0.095,1.967
b13-strokes,stroke-E-5-2026-05-31T00-22-46.408Z.json,0.1271,-6.29,False,1.0,just_right,2.136,stopped,2.123,0.234,2.6
b13-strokes,stroke-E-6-2026-05-31T00-22-53.874Z.json,0.1071,-2.95,False,1.0,just_right,1.514,stopped,1.512,0.078,2.183
b13-strokes,stroke-E-7-2026-05-31T00-23-03.557Z.json,0.1284,-11.28,False,1.0,just_right,2.183,stopped,2.141,0.427,2.633
b13-strokes,stroke-E-8-2026-05-31T00-23-12.041Z.json,0.1602,-5.22,False,1.0,just_right,3.401,stopped,3.387,0.309,3.3
b13-strokes,stroke-E-9-2026-05-31T00-23-20.057Z.json,0.1215,-5.07,False,1.0,early,1.953,stopped,1.946,0.172,2.483
b13-strokes,stroke-F-1-2026-05-31T00-23-50.210Z.json,0.1373,-6.29,False,1.0,,2.496,stopped,2.481,0.274,2.817
b13-strokes,stroke-F-10-2026-05-31T00-24-50.865Z.json,0.144,-7.97,False,1.0,just_right,2.748,stopped,2.722,0.381,2.967
b13-strokes,stroke-F-2-2026-05-31T00-23-55.909Z.json,0.1211,-7.63,False,1.0,just_right,1.939,stopped,1.922,0.257,2.483
b13-strokes,stroke-F-3-2026-05-31T00-24-01.760Z.json,0.1212,-7.03,False,1.0,just_right,1.943,stopped,1.928,0.238,2.483
b13-strokes,stroke-F-4-2026-05-31T00-24-07.945Z.json,0.1428,-7.43,False,1.0,early,2.702,stopped,2.679,0.349,2.933
b13-strokes,stroke-F-5-2026-05-31T00-24-15.811Z.json,0.1183,-6.26,False,1.0,just_right,1.85,stopped,1.839,0.202,2.417
b13-strokes,stroke-F-6-2026-05-31T00-24-23.546Z.json,0.1377,-5.11,False,1.0,just_right,2.51,stopped,2.5,0.223,2.833
b13-strokes,stroke-F-7-2026-05-31T00-24-29.810Z.json,0.1505,-6.95,False,1.0,early,3.002,stopped,2.98,0.363,3.1
b13-strokes,stroke-F-8-2026-05-31T00-24-36.811Z.json,0.1358,-7.57,False,1.0,,2.442,stopped,2.42,0.322,2.783
b13-strokes,stroke-F-9-2026-05-31T00-24-43.010Z.json,0.1566,-5.07,False,1.0,just_right,3.251,stopped,3.238,0.287,3.233
